pair,year_season,BC,area_overlap_m2,foi_cor,foi_space,num_contacts,num_locs
"(np.int64(151562), np.int64(151608))",2024_Fawning,0.03789590810820301,40286.146424531726,-6.924407179371249e-08,4.11460074141572e-08,0,8784
"(np.int64(151562), np.int64(151608))",2024_Gestation,0.27152138804460424,2509958.9335702653,9.073858229952908e-08,2.6545995044216483e-07,14,14921
"(np.int64(151562), np.int64(155128))",2024_Gestation,0.48608129794820143,2322126.230132271,2.8774053204327504e-06,9.620085549118705e-07,27,3948
"(np.int64(151562), np.int64(155139))",2024_Gestation,0.016625342105565398,181249.99751855157,-1.582454806536519e-08,8.124231266853311e-09,0,15017
"(np.int64(151562), np.int64(155148))",2024_Fawning,0.03207185413941174,509411.13371491205,-5.4068276052307944e-08,4.508495850369174e-08,0,8784
"(np.int64(151562), np.int64(155148))",2024_Gestation,0.13041087270725468,1705757.3767565163,-9.082361100791212e-08,7.510575204993264e-08,0,15491
"(np.int64(151562), np.int64(155148))",2024_Lactation,0.009860110713529964,20498.416425529624,-4.4257593584494573e-08,1.5970864803918796e-08,0,3256
"(np.int64(151562), np.int64(155166))",2024_Gestation,0.008347199498378434,1325214.5694136187,-1.0770039805713655e-08,1.9879716549923702e-09,0,15164
"(np.int64(151562), np.int64(155167))",2024_Gestation,0.039884798436142135,2201282.1833440154,-1.453503851355815e-09,1.4049998946086817e-10,0,14789
"(np.int64(151564), np.int64(151575))",2023_Gestation,0.7832412424459747,775497.6886581365,-1.3972283575558285e-06,4.722342253639341e-06,24,4930
"(np.int64(151564), np.int64(151592))",2023_Gestation,0.012805924420119658,18318.868018253375,,,0,4930
"(np.int64(151564), np.int64(151599))",2023_Gestation,0.6393812098910949,938968.0238987353,-2.5960254195549046e-07,1.4118500186153404e-06,21,4930
"(np.int64(151565), np.int64(151583))",2023_Rut,0.008070025716178281,440223.77669240243,-3.09891071249887e-09,1.009498000972419e-09,0,13248
"(np.int64(151565), np.int64(151583))",2024_Gestation,0.00951219020208564,118584.40847347851,-3.4182563608458712e-09,7.515729120109503e-10,0,17424
"(np.int64(151565), np.int64(151597))",2023_Fawning,0.028554332537399023,132817.51723723806,-6.878493729969789e-08,3.600234512195612e-08,0,4405
"(np.int64(151565), np.int64(151597))",2023_Gestation,0.35870229032092527,845752.7093793473,-2.89218254547554e-07,5.537976999845073e-07,4,6779
"(np.int64(151565), np.int64(155122))",2024_Gestation,0.04203390775193974,1040303.3706704885,-2.1599213887408843e-08,9.160085902665522e-09,0,15098
"(np.int64(151565), np.int64(155140))",2024_Gestation,0.000968378156903004,3091721.446044861,,,0,15104
"(np.int64(151565), np.int64(155144))",2024_Fawning,0.8271375841449714,937714.4149176454,8.302721211595413e-05,8.912508821352362e-06,784,8784
"(np.int64(151565), np.int64(155144))",2024_Gestation,0.9806018514746575,2913231.0552088055,0.00024282937414318905,1.7998673154773967e-06,7320,15080
"(np.int64(151565), np.int64(155144))",2024_Lactation,0.9843453786092653,1582327.0492945267,0.0003435261100698654,4.359635111356884e-06,1702,3721
"(np.int64(151565), np.int64(155156))",2024_Gestation,0.029916779475472128,1771619.3948623335,-5.1273568677802264e-08,9.364302815836829e-09,0,15131
"(np.int64(151565), np.int64(155161))",2024_Fawning,0.9081928549787791,1187913.7788757838,0.00018612406505854196,3.1426100650060056e-06,2162,8784
"(np.int64(151565), np.int64(155161))",2024_Gestation,0.9978098447836885,2944352.6750524575,0.00035491003716938823,1.7173374277261181e-06,10332,15449
"(np.int64(151565), np.int64(155161))",2024_Lactation,0.96605540372748,2394477.5664705,0.00022845250916725315,2.6146810845174454e-06,1284,3706
"(np.int64(151569), np.int64(151578))",2024_Fawning,0.022840847891452895,33184.99187471484,-1.8689516484941247e-08,1.7813356876012303e-08,0,8784
"(np.int64(151569), np.int64(151578))",2024_Gestation,0.038838273910577106,314118.4304117908,-4.8796118595738065e-08,3.572056103428459e-08,0,8771
"(np.int64(151569), np.int64(151581))",2024_Fawning,0.156501829738666,472626.7032893866,2.746507218148371e-06,5.191791918508986e-07,30,8784
"(np.int64(151569), np.int64(151581))",2024_Gestation,0.13072185695144528,529890.2776262396,1.5869870030802201e-06,2.2296993449139715e-07,13,7340
"(np.int64(151569), np.int64(151581))",2024_Lactation,0.1398703036590537,275563.04636898194,4.152611503897846e-07,3.174209308000562e-07,3,3736
"(np.int64(151569), np.int64(151585))",2024_Gestation,0.004592602813534263,36326.905633492446,-1.776323524355422e-08,3.344729156182256e-09,0,8771
"(np.int64(151569), np.int64(155138))",2024_Fawning,0.5895756033688084,1046819.7967060036,7.646117788062811e-06,2.060831850200848e-06,122,8784
"(np.int64(151569), np.int64(155138))",2024_Gestation,0.686945982019791,1460614.7113456253,3.0200078460772657e-06,1.060272150478774e-06,64,8177
"(np.int64(151569), np.int64(155138))",2024_Lactation,0.5711799859691347,670991.9045768945,6.295833920463912e-06,2.3337953455683747e-06,26,3760
"(np.int64(151569), np.int64(155141))",2024_Gestation,0.023997912172507966,120710.0161398964,-5.913776810057166e-08,2.1764253239873798e-08,0,6797
"(np.int64(151569), np.int64(155142))",2024_Lactation,0.01668066145916603,10737.841178424314,-1.219540078906613e-07,8.505651846500272e-08,0,3745
"(np.int64(151571), np.int64(151575))",2023_Fawning,0.017335316373112624,55498.64517023806,-7.02609481555998e-08,1.1446303098326938e-07,0,8784
"(np.int64(151571), np.int64(151575))",2023_Lactation,0.01726231512978476,95457.3367172313,-1.1743259011838511e-07,9.88555789878145e-08,0,13248
"(np.int64(151571), np.int64(151575))",2023_Rut,0.0941392969368217,793033.3233965437,-7.773197764725287e-08,9.565960012073576e-08,0,8281
"(np.int64(151571), np.int64(151576))",2024_Gestation,0.8255748755258845,1290619.9006629533,1.7236003775238764e-05,5.808023939904312e-06,241,7827
"(np.int64(151571), np.int64(151583))",2023_Rut,0.018580731835614178,354939.7776424944,-1.0956107996055427e-07,3.720787085677738e-08,0,13248
"(np.int64(151571), np.int64(151583))",2024_Gestation,0.01863183949271156,2839861.8276523445,-1.6936812178008448e-08,5.760613059939346e-09,0,10141
"(np.int64(151571), np.int64(151589))",2023_Fawning,0.5746841782628578,715561.1938665506,4.3669776064191e-05,1.0267240837673106e-05,252,8784
"(np.int64(151571), np.int64(151589))",2023_Gestation,0.9860417695663739,851089.0842823846,0.0004251838266525772,1.2537526048334264e-05,2557,6554
"(np.int64(151571), np.int64(151589))",2023_Lactation,0.2868051719875309,301091.62835831865,-6.685024179665701e-07,7.593500810699504e-06,22,13248
"(np.int64(151571), np.int64(151589))",2023_Rut,0.719996854890549,2584099.8769215634,3.9288017537560624e-05,6.7553752272597805e-06,470,13248
"(np.int64(151571), np.int64(151589))",2024_Gestation,0.8460148365027267,1381339.3634173553,1.5411522297486147e-05,4.259318484153821e-06,403,10141
"(np.int64(151571), np.int64(151599))",2023_Fawning,0.6223634577898182,607250.4814916867,2.662236576085771e-06,4.5609620774434705e-06,48,8784
"(np.int64(151571), np.int64(151599))",2023_Gestation,0.22375242239517917,264931.09911068133,5.832123908026141e-07,8.469999610078307e-07,6,6554
"(np.int64(151571), np.int64(151599))",2023_Lactation,0.41984276729723685,623759.1946292409,2.0355696166713794e-06,4.882393732304809e-06,80,13248
"(np.int64(151571), np.int64(151599))",2023_Rut,0.25977729651291126,2272983.8186905505,-8.17878102378164e-08,7.145961058136719e-07,5,7867
"(np.int64(151571), np.int64(153659))",2024_Gestation,0.03739675165116485,1031569.8813329217,-3.1752403511281976e-08,1.838292874407432e-08,0,8097
"(np.int64(151571), np.int64(155019))",2024_Gestation,2.7168931560753627e-05,709466.7934347573,,,0,7821
"(np.int64(151571), np.int64(155124))",2024_Gestation,0.01985099197432579,356158.5693209978,-2.9503246059723677e-09,7.072175773778928e-10,0,7875
"(np.int64(151571), np.int64(155140))",2024_Gestation,0.3326706648639298,4254798.613488705,-3.7417055111919533e-07,2.9192946580489916e-07,0,7821
"(np.int64(151571), np.int64(155143))",2024_Gestation,0.08003496984294556,3857675.542729523,-8.194347620794995e-08,9.18940179667723e-08,0,8046
"(np.int64(151571), np.int64(155145))",2024_Gestation,2.840218078047952e-07,135140.66307532258,,,0,7728
"(np.int64(151571), np.int64(155149))",2024_Gestation,0.6620870282905054,2180076.5201500054,6.394184365269132e-06,3.7499683392561196e-06,87,8010
"(np.int64(151571), np.int64(155154))",2024_Gestation,0.39869605393011787,983425.0089686415,3.587400024902074e-06,2.8905150508849972e-06,25,7383
"(np.int64(151571), np.int64(155159))",2024_Gestation,0.00144552235403262,111891.10976368608,-1.2462450816170796e-10,2.8752234413086145e-12,0,7857
"(np.int64(151571), np.int64(155160))",2024_Gestation,0.6437725003157168,1750553.7702547996,1.6365223815959708e-06,2.6379349626186358e-06,32,8013
"(np.int64(151571), np.int64(155162))",2024_Gestation,0.3351570805857821,2801657.5065428517,1.2984681964343024e-06,1.0266443627984222e-06,20,7833
"(np.int64(151571), np.int64(155163))",2024_Gestation,1.6502361348700483e-07,132552.33605879426,,,0,7908
"(np.int64(151571), np.int64(155164))",2024_Gestation,0.005488524769747635,1670866.2880904232,-4.020206487857928e-09,9.458672898181076e-10,0,8010
"(np.int64(151571), np.int64(155166))",2024_Gestation,7.111022466209547e-05,267336.200031183,,,0,7881
"(np.int64(151571), np.int64(155167))",2024_Gestation,0.002621149262131618,435579.36878553126,,,0,7506
"(np.int64(151575), np.int64(151589))",2023_Lactation,0.004791220142933665,13004.12325867953,-3.426780788997611e-08,2.2550861988122683e-08,0,13248
"(np.int64(151575), np.int64(151589))",2023_Rut,0.02430039234996239,651458.1161188766,-2.0210956796072597e-08,1.1662464642624421e-08,0,8281
"(np.int64(151575), np.int64(151592))",2023_Gestation,0.1547039913361745,1262766.6423892712,-1.3165551680629356e-07,6.880124643856101e-08,0,6677
"(np.int64(151575), np.int64(151599))",2023_Fawning,0.4538751532569823,657029.5387030981,-9.655201841125752e-07,2.1579244877649213e-06,9,8784
"(np.int64(151575), np.int64(151599))",2023_Gestation,0.6940447867243296,3248183.5136303594,-7.455424668542642e-07,8.75659052079549e-07,10,6677
"(np.int64(151575), np.int64(151599))",2023_Lactation,0.5440239688511801,1407211.4249503938,2.331774842832683e-06,2.9817089466335428e-06,82,13248
"(np.int64(151575), np.int64(151599))",2023_Rut,0.7437259868136338,1671837.0579117793,1.1770487873852893e-07,1.4403969559794347e-06,31,7867
"(np.int64(151576), np.int64(151583))",2024_Gestation,0.00024146466672008264,224550.37834397645,,,0,15110
"(np.int64(151576), np.int64(151589))",2024_Fawning,0.754525456412529,773167.1258340848,2.5695064069583413e-05,4.8964973321383456e-06,396,8784
"(np.int64(151576), np.int64(151589))",2024_Gestation,0.9882100229445598,1567004.8143550556,0.00048800405896856717,7.569487095278121e-06,7449,15110
"(np.int64(151576), np.int64(151589))",2024_Lactation,0.302391961973789,349461.8148735325,4.3329050875331666e-06,3.3018056582135043e-06,12,3669
"(np.int64(151576), np.int64(153659))",2024_Gestation,0.01118797850829117,140612.08838092437,-3.3114399412829e-08,1.978661645437429e-08,0,15110
"(np.int64(151576), np.int64(155140))",2024_Fawning,0.01583381829360745,28425.80858866602,-6.854912263841422e-08,8.324251610553749e-08,0,8784
"(np.int64(151576), np.int64(155140))",2024_Gestation,0.2714453556498746,1562787.8490140971,5.765538558788302e-08,1.660150415314437e-07,9,15104
"(np.int64(151576), np.int64(155143))",2024_Gestation,0.01179872100690128,159681.51748039137,-3.180754902775593e-08,2.0870375611599383e-08,0,15110
"(np.int64(151576), np.int64(155149))",2024_Fawning,0.8064014536719757,653142.9662432845,4.494515521535708e-06,5.600500445784046e-06,114,8784
"(np.int64(151576), np.int64(155149))",2024_Gestation,0.8406275525689622,1533553.8824899464,1.1547340668494433e-05,3.19887336935433e-06,319,15110
"(np.int64(151576), np.int64(155149))",2024_Lactation,0.8225136966127123,293200.2276915991,-6.2846796324903406e-06,1.9307421605524028e-05,16,1477
"(np.int64(151576), np.int64(155154))",2024_Gestation,0.4180986503193107,660128.1143845967,1.8559326184747534e-07,2.539344144877223e-06,18,7101
"(np.int64(151576), np.int64(155160))",2024_Fawning,0.2857413161281643,249502.51478586323,2.6522104583598037e-06,2.1971222494718234e-06,11,8784
"(np.int64(151576), np.int64(155160))",2024_Gestation,0.41565948734868363,1526815.8699736886,1.1702720045417906e-06,9.445749598357754e-07,41,15110
"(np.int64(151576), np.int64(155160))",2024_Lactation,0.1367606260399553,212559.66953789015,-3.8039774065179356e-06,3.183932587162001e-06,0,3727
"(np.int64(151576), np.int64(155162))",2024_Fawning,0.05518052267590015,39196.37479034005,-7.276225803640471e-07,8.807845368368601e-07,0,8784
"(np.int64(151576), np.int64(155162))",2024_Gestation,0.1876037180370493,948022.8893760392,-6.543841983446076e-08,4.2743748124902503e-07,4,15110
"(np.int64(151576), np.int64(155164))",2024_Gestation,0.0006466695607495237,2064.735522778372,,,0,15110
"(np.int64(151578), np.int64(151585))",2024_Fawning,0.3215659146131561,302408.06050448853,1.7848636361960017e-05,2.9645244573829972e-06,86,8784
"(np.int64(151578), np.int64(151585))",2024_Gestation,0.7783786716042018,1156277.2041908235,2.4496388541902076e-05,5.999925314022847e-06,337,8948
"(np.int64(151578), np.int64(151585))",2024_Lactation,0.6082040101457815,200330.38158115096,8.588596758538625e-05,2.9453064276468717e-05,189,3769
"(np.int64(151578), np.int64(155138))",2024_Fawning,0.10983972766630698,631159.2575535098,-2.827444597679035e-07,1.7440434862064494e-07,1,8784
"(np.int64(151578), np.int64(155138))",2024_Gestation,0.2552828559048973,1747126.2225708638,-1.7671656706041685e-07,1.4691068146081998e-07,0,8177
"(np.int64(151578), np.int64(155138))",2024_Lactation,0.003625853322446804,16998.13354328162,,,0,3778
"(np.int64(151581), np.int64(155138))",2024_Gestation,0.006137204265760114,13403.631870985408,-2.8771202629467093e-09,5.067101248217244e-10,0,7340
"(np.int64(151581), np.int64(155142))",2024_Gestation,0.030860999793854964,369774.15948358725,-9.244762355943816e-08,3.008858961809364e-08,0,7340
"(np.int64(151582), np.int64(151597))",2023_Fawning,0.004217077974581352,83617.97020068769,,,0,4405
"(np.int64(151582), np.int64(151597))",2023_Gestation,0.0172952766396529,94882.20160274798,-2.1065101294411373e-09,2.1206853502713353e-10,0,6914
"(np.int64(151583), np.int64(151589))",2023_Rut,0.004363158142543942,279545.02839396865,-3.374739306546297e-09,1.897433846678497e-09,0,13248
"(np.int64(151583), np.int64(151589))",2024_Gestation,0.0009790594604486469,280457.385926397,,,0,17424
"(np.int64(151583), np.int64(151599))",2023_Fawning,0.02935730145055302,63037.09317989449,-5.8873419337685035e-08,4.759308661837184e-08,0,8784
"(np.int64(151583), np.int64(151599))",2023_Gestation,0.04204101338821011,27345.751234243788,-1.3794499812647655e-07,4.1305462099779244e-08,0,6647
"(np.int64(151583), np.int64(151599))",2023_Rut,0.04794378905805959,649926.217115904,-4.626391414127463e-08,1.1484300845866552e-08,0,7867
"(np.int64(151583), np.int64(153659))",2024_Gestation,0.021559998801701903,1781168.1629712426,-1.1623760111822919e-08,3.297045303384275e-09,0,15380
"(np.int64(151583), np.int64(155019))",2024_Gestation,0.018386532553733927,3685400.2506087837,-4.5613982755010384e-09,1.6584905949718399e-09,0,15104
"(np.int64(151583), np.int64(155140))",2024_Fawning,0.023165445843238118,5611.617844162718,-1.1017321067293505e-07,8.48684744207122e-08,0,8784
"(np.int64(151583), np.int64(155140))",2024_Gestation,0.26190373372799325,8309261.2620525025,-6.050252210580532e-08,5.7739145268050844e-08,0,15104
"(np.int64(151583), np.int64(155143))",2024_Fawning,0.1270944900482989,240166.48311843598,-5.889984349569747e-07,7.644236896221651e-07,0,8784
"(np.int64(151583), np.int64(155143))",2024_Gestation,0.21888021046988626,5267620.9586909395,4.049450185144554e-07,1.3239119942063454e-07,19,15329
"(np.int64(151583), np.int64(155144))",2024_Gestation,0.009159948703089003,57571.771073411575,-4.959131827808276e-09,2.4646211655574087e-09,0,15080
"(np.int64(151583), np.int64(155149))",2024_Gestation,0.0012925681273402412,757655.0475320548,-6.777277856282338e-10,1.0940868755914053e-10,0,15293
"(np.int64(151583), np.int64(155154))",2024_Gestation,0.04867283185469162,222046.01285697654,-5.986929049826123e-08,3.4066043925333857e-08,0,7383
"(np.int64(151583), np.int64(155159))",2024_Gestation,0.04159971829368154,249697.47175271937,-4.3083043866449986e-08,3.6685735213151527e-08,0,15140
"(np.int64(151583), np.int64(155160))",2024_Gestation,0.0003489238048516256,1109842.3683163223,,,0,15296
"(np.int64(151583), np.int64(155161))",2024_Gestation,0.010540042099344865,68771.42890355746,-5.004849200433019e-09,3.5210029062755606e-09,0,15449
"(np.int64(151583), np.int64(155162))",2024_Gestation,0.035298736451958156,2247316.6569317016,-4.02303841953206e-08,2.6529279390585452e-08,0,15116
"(np.int64(151583), np.int64(155164))",2024_Gestation,0.05926736901848946,3943066.332056825,-2.37606561619277e-08,9.001280322089687e-09,0,15293
"(np.int64(151583), np.int64(155167))",2024_Gestation,0.01986953582226109,1420913.1382880101,-8.782465714335822e-10,1.5074640019852145e-10,0,14789
"(np.int64(151585), np.int64(155138))",2024_Fawning,0.042795967525830515,455320.75532179227,-1.1782354865192822e-08,7.535889828549722e-09,0,8784
"(np.int64(151585), np.int64(155138))",2024_Gestation,0.17044661746850487,1694201.7926285833,3.1919532902325096e-06,1.2865920312377217e-07,33,8177
"(np.int64(151585), np.int64(155138))",2024_Lactation,0.00025886784403305604,10133.932733475336,,,0,3769
"(np.int64(151586), np.int64(151609))",2023_Fawning,0.46280689968657773,1438714.4738485399,1.321051994122004e-06,8.51456131696095e-07,20,8784
"(np.int64(151586), np.int64(151609))",2023_Gestation,0.39221312803540753,874657.5446984685,-4.135126147213707e-07,1.120569268365844e-06,10,6851
"(np.int64(151586), np.int64(151609))",2023_Lactation,0.33966051654047597,599.0389592147783,0.0002603297307125559,8.316314912333604e-06,7,223
"(np.int64(151586), np.int64(151611))",2023_Fawning,0.043687901812739204,306247.6769163841,-5.616879929412905e-07,1.6885006076743317e-07,0,8784
"(np.int64(151586), np.int64(151611))",2023_Gestation,0.21506768332532228,1152295.4614868483,-1.332968643990423e-07,8.96599852203023e-08,0,5651
"(np.int64(151586), np.int64(155019))",2024_Gestation,0.00571880037382619,803697.0643856276,-1.509079084596921e-10,6.099365594945639e-12,0,12366
"(np.int64(151586), np.int64(155124))",2024_Gestation,0.19030695581262191,2033768.3226742595,4.401375339618596e-08,9.147354193027273e-08,2,12420
"(np.int64(151586), np.int64(155143))",2024_Gestation,0.021843426470646115,414816.94992265996,-1.7566493319604938e-08,7.125169466972622e-09,0,12591
"(np.int64(151586), np.int64(155145))",2024_Gestation,0.0015242140119913013,1146.4516921898341,,,0,12273
"(np.int64(151586), np.int64(155156))",2024_Gestation,0.1032628458198809,1379924.6450353127,-4.3686907121226164e-08,2.5205808931202286e-08,0,12393
"(np.int64(151586), np.int64(155163))",2024_Gestation,0.0012633432434180994,2207.3502216528623,,,0,12453
"(np.int64(151586), np.int64(155164))",2024_Gestation,0.00556492304347876,866294.8249045857,-3.3742645030010043e-09,3.024885439093501e-10,0,12555
"(np.int64(151586), np.int64(155166))",2024_Gestation,0.0007707084690609491,174052.82480034602,,,0,12426
"(np.int64(151586), np.int64(155167))",2024_Gestation,0.05426079255625985,346160.5869384678,-6.358886053922766e-09,2.1587584547621814e-09,0,12051
"(np.int64(151589), np.int64(151599))",2023_Fawning,0.23270457080309598,182921.54042689278,-3.5302306116089683e-07,2.2824981699676163e-06,7,8784
"(np.int64(151589), np.int64(151599))",2023_Gestation,0.19581525151132206,281680.4785568618,1.947556494914019e-06,5.522300765392364e-07,15,6755
"(np.int64(151589), np.int64(151599))",2023_Lactation,0.06843582893955374,280024.69745230343,9.438734236130014e-07,2.568902129582037e-07,3,13248
"(np.int64(151589), np.int64(151599))",2023_Rut,0.06692456536238998,850184.0823711721,-4.93937084522339e-08,2.6500268292986223e-08,0,7867
"(np.int64(151589), np.int64(153659))",2024_Gestation,0.01936310560635881,194424.379111518,-2.708884018529679e-08,1.4392444475368985e-08,0,15380
"(np.int64(151589), np.int64(155140))",2024_Fawning,0.06226943451624903,284140.54957260913,-7.768286348823454e-08,8.627750047847487e-08,0,8784
"(np.int64(151589), np.int64(155140))",2024_Gestation,0.2914599919184834,1624981.9936220918,-3.181795962757472e-08,1.7388102214423692e-07,6,15104
"(np.int64(151589), np.int64(155140))",2024_Lactation,0.08069351079450489,109151.50830470631,4.947661892496815e-05,4.709854673281972e-07,5,3669
"(np.int64(151589), np.int64(155143))",2024_Fawning,0.03214259358427386,15496.298342236958,-1.873164660352922e-06,7.44650262123712e-07,0,8784
"(np.int64(151589), np.int64(155143))",2024_Gestation,0.014455285285093353,483261.72430143005,-4.469452871491264e-09,2.7031046257231223e-09,0,15329
"(np.int64(151589), np.int64(155149))",2024_Fawning,0.5650547142131519,619639.7339240862,1.0763503842069685e-06,2.473231623438865e-06,35,8784
"(np.int64(151589), np.int64(155149))",2024_Gestation,0.7908957563864005,1598389.2330100378,9.320878012691392e-06,2.8899894384930425e-06,256,15293
"(np.int64(151589), np.int64(155149))",2024_Lactation,0.3853045023856554,123871.70332003995,7.679022771059971e-06,8.262502782284502e-06,11,1477
"(np.int64(151589), np.int64(155154))",2024_Gestation,0.4282718569894195,637911.2959139541,1.3194798374444973e-06,2.7397148498065013e-06,19,7383
"(np.int64(151589), np.int64(155160))",2024_Fawning,0.16598524332766834,337764.48450154334,-4.821905084675678e-07,6.851876612696247e-07,3,8784
"(np.int64(151589), np.int64(155160))",2024_Gestation,0.41442192790233146,1600875.7513535116,1.841878904632376e-06,9.21260712932331e-07,44,15296
"(np.int64(151589), np.int64(155160))",2024_Lactation,0.01458209387310353,141.3339777719668,,,0,3669
"(np.int64(151589), np.int64(155162))",2024_Fawning,0.07299692501634497,263401.5761553468,5.85362791876136e-06,2.347281566770148e-07,10,8784
"(np.int64(151589), np.int64(155162))",2024_Gestation,0.207817646004587,1019084.8485539588,5.066111265815345e-07,4.940499251573517e-07,12,15116
"(np.int64(151589), np.int64(155162))",2024_Lactation,0.1357102514631282,114740.9726320926,-1.226185503640532e-06,1.4634549462492323e-06,0,3669
"(np.int64(151589), np.int64(155164))",2024_Gestation,0.0023027630872785062,4840.053642675698,-3.102143534858147e-09,2.329190660379909e-09,0,15293
"(np.int64(151590), np.int64(151607))",2024_Fawning,0.5925709397643585,1129594.622469731,1.569086482215265e-06,5.575172384762246e-06,71,8784
"(np.int64(151590), np.int64(151607))",2024_Gestation,0.12479609555877319,452084.6242962175,4.605948872612968e-07,2.1958749178203288e-07,1,14688
"(np.int64(151590), np.int64(151607))",2024_Lactation,0.5059367867687827,353415.3071703288,3.212564998427534e-06,6.160253666237259e-06,65,3684
"(np.int64(151590), np.int64(155019))",2024_Gestation,0.035585891814213795,1223382.6650951956,-5.847817624231007e-08,4.227868325233707e-08,0,15104
"(np.int64(151590), np.int64(155139))",2024_Gestation,0.09111091516310424,456039.5036985658,-1.324946316915331e-07,1.0705639787431935e-07,0,15017
"(np.int64(151590), np.int64(155140))",2024_Gestation,0.010457452213411112,222192.71767479734,,,0,15104
"(np.int64(151590), np.int64(155143))",2024_Gestation,0.020687203910181265,395508.9106895502,-1.5710158828476643e-08,7.558619522518195e-09,0,15282
"(np.int64(151590), np.int64(155145))",2024_Fawning,0.01996084439463457,213495.81979731133,-3.632234298362354e-08,2.3762407369221508e-08,0,8784
"(np.int64(151590), np.int64(155145))",2024_Gestation,0.26843414418132544,626856.0016611369,-2.7924728013536544e-07,6.053841976441643e-07,5,15011
"(np.int64(151590), np.int64(155145))",2024_Lactation,0.030033436456280052,151769.67173031077,-3.3408545330799946e-07,1.8087340384226882e-07,0,3694
"(np.int64(151590), np.int64(155148))",2024_Gestation,0.0014145899902361877,125942.0581898227,-5.203666306464658e-10,1.2598369142691516e-10,0,15282
"(np.int64(151590), np.int64(155163))",2024_Fawning,0.06904981446635838,604608.3444405912,6.1503350694981395e-06,1.3321087471154715e-07,1,8784
"(np.int64(151590), np.int64(155163))",2024_Gestation,0.2633356238236385,631406.6173174931,1.7140246954296875e-06,5.781038698088173e-07,14,15191
"(np.int64(151590), np.int64(155163))",2024_Lactation,0.22795824818284763,182563.04490321578,-2.656700615078491e-08,1.372004590438366e-06,1,3736
"(np.int64(151590), np.int64(155164))",2024_Gestation,0.017425272989267604,1414460.4131204537,-1.3900721251343604e-08,7.706487299899482e-09,0,15282
"(np.int64(151590), np.int64(155166))",2024_Fawning,0.3972184594616179,577596.1070085904,6.6351774175150665e-06,6.175210202505513e-06,27,8784
"(np.int64(151590), np.int64(155166))",2024_Gestation,0.3516452638355655,821474.4490736906,-3.1413936684299187e-07,7.882509512397268e-07,4,15164
"(np.int64(151590), np.int64(155166))",2024_Lactation,0.49640435375447367,210717.54455370936,3.23662741293226e-06,9.970932509948531e-06,26,3724
"(np.int64(151590), np.int64(155167))",2024_Gestation,0.33660972306981485,1601679.5459510323,9.161000483714201e-08,8.834721583230154e-08,2,14789
"(np.int64(151592), np.int64(151599))",2023_Gestation,0.1182748889686272,1873323.6970314588,1.962589880572707e-06,5.46823713207762e-08,7,6947
"(np.int64(151607), np.int64(155019))",2024_Gestation,0.02796650171640344,3240582.617601527,-4.266927307365023e-09,1.0511058431318576e-09,0,14688
"(np.int64(151607), np.int64(155124))",2024_Fawning,0.17562458777849982,132404.2321978757,-7.670997551780302e-07,5.132966569435257e-07,3,8784
"(np.int64(151607), np.int64(155124))",2024_Gestation,0.43131557361750544,1923655.941223706,7.481480607945355e-07,2.828576668728312e-07,102,14688
"(np.int64(151607), np.int64(155139))",2024_Gestation,0.023846310520159765,513026.31562477036,-9.080576223335099e-09,4.957567919589646e-09,0,14688
"(np.int64(151607), np.int64(155140))",2024_Gestation,0.04906896739124753,1696101.2692384743,-9.978731692235634e-09,2.9952363987011207e-09,0,14688
"(np.int64(151607), np.int64(155143))",2024_Gestation,0.004360174004479835,2265011.4596134005,-4.790230564584193e-10,7.009660468891399e-11,0,14688
"(np.int64(151607), np.int64(155145))",2024_Fawning,0.09724290112422931,312088.6848816099,-9.123898741340105e-08,7.195637050752321e-08,0,8784
"(np.int64(151607), np.int64(155145))",2024_Gestation,0.2204447118477127,3395781.1448693154,1.2053064351646157e-07,7.266919697917562e-08,7,14688
"(np.int64(151607), np.int64(155145))",2024_Lactation,0.03451041515180751,147794.1164193598,-1.8829114309102464e-07,8.96686263280739e-08,0,3684
"(np.int64(151607), np.int64(155156))",2024_Gestation,0.02685481694573052,362231.0731416153,-2.9905890951393873e-09,7.150684251967958e-10,0,14688
"(np.int64(151607), np.int64(155163))",2024_Fawning,0.3741807642247609,846039.8596490585,4.944032327368238e-06,1.5100471850225187e-06,22,8784
"(np.int64(151607), np.int64(155163))",2024_Gestation,0.22049258540509936,3358191.772976782,3.033823764804166e-08,8.179030259583448e-08,4,14688
"(np.int64(151607), np.int64(155163))",2024_Lactation,0.3018632993294057,482392.93207724474,3.0082758300710337e-06,6.551882906164491e-07,10,3684
"(np.int64(151607), np.int64(155164))",2024_Gestation,0.05354036315865256,4166273.2262595603,8.605535548309651e-08,5.152412331210654e-09,1,14688
"(np.int64(151607), np.int64(155166))",2024_Fawning,0.37389612192728544,661296.6308870488,6.122726966560014e-07,1.635860942833004e-06,34,8784
"(np.int64(151607), np.int64(155166))",2024_Gestation,0.18696033597472755,4175419.618515048,3.857341742934785e-07,4.4241310021667465e-08,3,14688
"(np.int64(151607), np.int64(155166))",2024_Lactation,0.1879099334610664,168350.4961799192,1.2959340532647606e-05,2.854241690669542e-06,30,3684
"(np.int64(151607), np.int64(155167))",2024_Gestation,0.2999568381182037,4442625.696122019,4.3679813436179954e-07,2.177537190549221e-08,57,14688
"(np.int64(151608), np.int64(155128))",2024_Gestation,0.992171479675739,6507512.420317987,0.00018540600461092142,9.447208042138678e-07,1950,3726
"(np.int64(151608), np.int64(155139))",2024_Gestation,0.004597991831619605,211948.53774976954,,,0,14921
"(np.int64(151608), np.int64(155148))",2024_Fawning,0.03558971186983071,237212.21497777462,-3.137606384670505e-08,1.3673035980473968e-08,0,8784
"(np.int64(151608), np.int64(155148))",2024_Gestation,0.179052901397444,3717426.003081627,-9.783449250471445e-08,1.0349905070146093e-07,0,14921
"(np.int64(151608), np.int64(155166))",2024_Gestation,7.026568043017976e-05,1614339.5704339624,,,0,14921
"(np.int64(151608), np.int64(155167))",2024_Gestation,0.07431672193907633,7785588.116662878,-5.437449680332489e-09,1.158993349557295e-09,0,14789
"(np.int64(151609), np.int64(151611))",2023_Fawning,0.04931944453612711,212859.24387147545,-2.0480774186575558e-07,7.92558822760984e-08,0,8784
"(np.int64(151610), np.int64(155165))",2024_Gestation,0.18807753651926423,3499018.976097169,2.8636623380384706e-07,2.170072208232545e-08,7,14646
"(np.int64(151610), np.int64(155167))",2024_Fawning,0.08473153539292821,2092948.548815669,-4.599693138362819e-08,1.975984533761172e-08,0,8784
"(np.int64(151610), np.int64(155167))",2024_Gestation,0.22911384067680726,7401871.010671976,-2.550211601271508e-08,1.7100275634416788e-08,0,14789
"(np.int64(151610), np.int64(155167))",2024_Lactation,0.026360166300523367,192053.92954537098,-2.909640273938723e-08,8.163141717992037e-09,0,3667
"(np.int64(153659), np.int64(155019))",2024_Gestation,0.0219517148346467,746628.6969498063,-6.234386723480765e-09,4.005525629229304e-09,0,15104
"(np.int64(153659), np.int64(155140))",2024_Fawning,0.08669807544345966,144277.06435518336,-3.3037983671992513e-07,2.975388285611691e-07,0,8784
"(np.int64(153659), np.int64(155140))",2024_Gestation,0.5022692590911895,1889410.1816325937,4.739039226791342e-07,3.583252766365909e-07,58,15104
"(np.int64(153659), np.int64(155140))",2024_Lactation,0.22702432619961413,144690.40398504602,-4.17926063306327e-07,3.467599640694356e-06,17,3754
"(np.int64(153659), np.int64(155143))",2024_Fawning,0.18546520302408548,187960.41345008876,9.70982344040546e-07,2.0647605428331517e-06,7,8784
"(np.int64(153659), np.int64(155143))",2024_Gestation,0.6607326146466643,1889410.1816325937,1.5745047685434058e-06,1.2456018199322137e-06,113,15329
"(np.int64(153659), np.int64(155143))",2024_Lactation,0.3325615173496791,212375.38378837812,1.3267008174227568e-05,4.652207550633897e-06,8,3754
"(np.int64(153659), np.int64(155149))",2024_Gestation,0.020029705692205746,553725.3780292218,-3.825063876855579e-08,1.611359809816296e-08,0,15293
"(np.int64(153659), np.int64(155160))",2024_Gestation,0.04003371499259196,1074289.096447724,-4.968929237238394e-08,3.435844440772277e-08,0,15296
"(np.int64(153659), np.int64(155162))",2024_Gestation,0.3314822320111601,1450891.2146454505,8.370535637917247e-07,1.0503131655134868e-06,30,15116
"(np.int64(153659), np.int64(155164))",2024_Fawning,0.474806705656468,488232.8163591045,-7.050534559706194e-07,5.261618840197317e-06,15,8784
"(np.int64(153659), np.int64(155164))",2024_Gestation,0.5030803738281479,1422291.082395538,-2.8475013237252052e-08,8.752336818581967e-07,19,15293
"(np.int64(153659), np.int64(155164))",2024_Lactation,0.5436173961525597,262305.95864518563,4.735897936936962e-06,6.984139014259361e-06,14,3724
"(np.int64(153659), np.int64(155167))",2024_Gestation,0.10294546003796827,63655.69529222524,-1.860622420314038e-08,2.10658025455979e-08,0,14789
"(np.int64(155019), np.int64(155122))",2024_Gestation,0.00045190540372326565,3130362.6260571554,,,0,15098
"(np.int64(155019), np.int64(155124))",2024_Gestation,0.03245213396497314,9431705.714256661,-2.934694833603544e-09,5.096666603029455e-10,0,15104
"(np.int64(155019), np.int64(155139))",2024_Gestation,0.00095172423467412,94631.6089134265,,,0,15017
"(np.int64(155019), np.int64(155140))",2024_Fawning,0.0009320250113220187,5372.984604653488,,,0,8784
"(np.int64(155019), np.int64(155140))",2024_Gestation,0.15734552806419547,9853895.655239083,2.5454040369409304e-06,5.095179999125703e-09,8,15104
"(np.int64(155019), np.int64(155143))",2024_Gestation,0.052571042276957976,9893850.072383218,-4.6899604519370725e-09,2.155392389372545e-09,0,15104
"(np.int64(155019), np.int64(155144))",2024_Gestation,1.7390501415456928e-14,46614.19237422557,,,0,15080
"(np.int64(155019), np.int64(155145))",2024_Gestation,0.0005233577576972406,4711240.014323543,,,0,15011
"(np.int64(155019), np.int64(155148))",2024_Gestation,0.020560332657322343,277531.4267259198,-9.031257784029731e-09,5.179136311899726e-09,0,15104
"(np.int64(155019), np.int64(155149))",2024_Gestation,0.00036452332148305514,54633.59592636119,,,0,15104
"(np.int64(155019), np.int64(155156))",2024_Gestation,0.007915260260640988,6512970.088702439,-6.654878468505431e-10,8.107556638304152e-11,0,15104
"(np.int64(155019), np.int64(155160))",2024_Gestation,0.003791689981441716,340388.73328947084,-1.314553850261151e-09,3.9418535679595237e-10,0,15104
"(np.int64(155019), np.int64(155161))",2024_Gestation,4.698782473478818e-18,50364.34035349546,,,0,15104
"(np.int64(155019), np.int64(155162))",2024_Gestation,0.0011843290014607267,951977.9919711149,-1.4568192642102383e-11,9.483983639701677e-14,0,15104
"(np.int64(155019), np.int64(155163))",2024_Gestation,0.0012141101432406934,4678325.916420773,,,0,15104
"(np.int64(155019), np.int64(155164))",2024_Fawning,0.017022989837619903,58727.57027469379,-1.6185207876030854e-08,1.1511756558771e-08,0,8784
"(np.int64(155019), np.int64(155164))",2024_Gestation,0.28047645592215104,11403157.742525488,1.2333671891832395e-07,6.495899509134754e-08,4,15104
"(np.int64(155019), np.int64(155166))",2024_Gestation,0.0027512409850957453,7972792.442452403,,,0,15104
"(np.int64(155019), np.int64(155167))",2024_Gestation,0.538824151237931,7866759.422143511,6.04669695921727e-07,6.377033239345163e-08,12,14789
"(np.int64(155122), np.int64(155124))",2024_Gestation,0.20136044841886733,3706900.5375635354,4.1511386017870234e-07,2.10289374002656e-08,12,15098
"(np.int64(155122), np.int64(155140))",2024_Gestation,0.000886163909039444,3421244.8920863117,,,0,15098
"(np.int64(155122), np.int64(155143))",2024_Gestation,1.2076742516124306e-11,39848.00744072192,,,0,15098
"(np.int64(155122), np.int64(155144))",2024_Gestation,0.04591235022870272,2009077.7945839148,-2.658572262089479e-08,1.0359471962766554e-08,0,15080
"(np.int64(155122), np.int64(155145))",2024_Gestation,2.4526589181893004e-11,1262134.9882351356,,,0,15011
"(np.int64(155122), np.int64(155156))",2024_Fawning,0.18332571388301566,645455.081497006,1.8061976100590094e-06,1.8394991854878176e-07,13,8784
"(np.int64(155122), np.int64(155156))",2024_Gestation,0.632372159430219,6263959.790445293,-1.9348372666849876e-07,2.6546581899092265e-07,3,15098
"(np.int64(155122), np.int64(155156))",2024_Lactation,0.18506329399220778,756475.5175546925,-3.5312889022668347e-07,2.969978188236509e-07,0,3697
"(np.int64(155122), np.int64(155161))",2024_Gestation,0.04563497906609755,1909633.6233428237,-1.613662072846416e-08,5.7397207430852796e-09,0,15098
"(np.int64(155122), np.int64(155163))",2024_Gestation,7.57164764147627e-12,1244586.262733868,,,0,15098
"(np.int64(155122), np.int64(155164))",2024_Gestation,5.33520588941125e-11,1.4455210331921386,,,0,15098
"(np.int64(155122), np.int64(155166))",2024_Gestation,6.165941802248056e-06,3297113.9324338287,,,0,15098
"(np.int64(155124), np.int64(155140))",2024_Gestation,0.040659127379281186,3631807.2154074907,-2.675985429447038e-09,5.970108488604099e-10,0,15104
"(np.int64(155124), np.int64(155143))",2024_Gestation,0.008746083490171811,4197413.770429219,-8.262309686805822e-10,3.3877479106217213e-10,0,15158
"(np.int64(155124), np.int64(155144))",2024_Gestation,0.002757908843375925,307605.63543303375,-8.482905606616165e-10,2.8575738283472394e-10,0,15080
"(np.int64(155124), np.int64(155145))",2024_Gestation,0.05481113917697899,3985296.229544566,-1.2332802084233625e-08,4.946306467061793e-09,0,15011
"(np.int64(155124), np.int64(155156))",2024_Fawning,0.4537843507917385,1107489.014544906,7.787614220512988e-07,3.2087816240891146e-07,47,8784
"(np.int64(155124), np.int64(155156))",2024_Gestation,0.6431120475886609,7887951.944342562,-5.8303782297143486e-08,1.5194383585534428e-07,5,15131
"(np.int64(155124), np.int64(155156))",2024_Lactation,0.683107426398692,617333.7527257547,2.3461879973281012e-06,2.3587838448815885e-06,9,3655
"(np.int64(155124), np.int64(155161))",2024_Gestation,0.003271904450166956,312579.7157148954,-6.030289053294921e-10,8.604591837148595e-11,0,15158
"(np.int64(155124), np.int64(155163))",2024_Gestation,0.042936215885992376,3946715.5148317195,-8.632514440058795e-09,3.765137594924542e-09,0,15158
"(np.int64(155124), np.int64(155164))",2024_Gestation,0.02009530724105829,5323585.956590184,-1.9010195850640964e-09,4.5570344275212726e-10,0,15158
"(np.int64(155124), np.int64(155164))",2024_Lactation,0.022923902277627077,945250.4254023127,-2.9216538041522708e-08,8.142427642295705e-09,0,3655
"(np.int64(155124), np.int64(155166))",2024_Gestation,0.0494120930192628,6810880.789383554,-1.2624563058847795e-08,6.193769830240397e-09,0,15158
"(np.int64(155124), np.int64(155167))",2024_Gestation,0.11643134898298538,2989569.195847221,-1.9294977392897997e-08,4.980447233252763e-09,0,14789
"(np.int64(155128), np.int64(155139))",2024_Gestation,0.007883263358413868,175863.7420477608,,,0,3822
"(np.int64(155128), np.int64(155148))",2024_Gestation,0.07800026284607,746118.1804086288,-6.414731366210532e-08,2.3557043965434698e-08,0,3948
"(np.int64(155128), np.int64(155167))",2024_Gestation,0.02952925677430672,5242295.664916862,-1.1642795293443538e-08,1.0109199030870825e-09,0,3594
"(np.int64(155135), np.int64(155138))",2024_Fawning,0.16304134389140457,377006.43441557087,4.775712900088702e-06,6.146835153585965e-07,18,8784
"(np.int64(155135), np.int64(155138))",2024_Gestation,0.03684332558010574,55112.58341924328,-9.981624809250085e-08,2.0090766565771385e-08,0,5795
"(np.int64(155135), np.int64(155141))",2024_Fawning,0.9989992646987211,2189030.324815482,0.0007026886701972929,7.025757682061889e-06,6470,8784
"(np.int64(155135), np.int64(155141))",2024_Gestation,0.9981953734710629,2062517.6520724157,0.0005080713854087609,3.1893091232855973e-06,3636,5795
"(np.int64(155135), np.int64(155141))",2024_Lactation,0.9963307165812304,648892.7934893111,0.0015522520599883928,1.61964351305015e-05,1419,1780
"(np.int64(155135), np.int64(155142))",2024_Fawning,0.8383614832833705,1625007.5456266222,0.00015897801610340802,4.874868241050535e-06,1924,8784
"(np.int64(155135), np.int64(155142))",2024_Gestation,0.5815382426301633,1112185.6613023193,1.3865062562844677e-05,1.158564604101512e-06,94,5795
"(np.int64(155135), np.int64(155142))",2024_Lactation,0.9471037685951665,1060511.526009292,0.0006089495769452406,9.669580897918235e-06,695,1780
"(np.int64(155135), np.int64(155150))",2024_Fawning,0.15219242413187303,440605.0068038762,2.8835835426060174e-06,1.0148596855226022e-06,16,8784
"(np.int64(155135), np.int64(155150))",2024_Gestation,0.14489138745761934,630279.5254475453,6.503373077745632e-07,1.2616308569200388e-07,1,5795
"(np.int64(155135), np.int64(155150))",2024_Lactation,0.3149607677606189,349536.26993989566,-4.060135032152955e-06,2.552079266941781e-06,0,1780
"(np.int64(155138), np.int64(155141))",2024_Fawning,0.16333035750467934,373202.18118076894,6.49770026998409e-06,6.15657798439091e-07,21,8784
"(np.int64(155138), np.int64(155141))",2024_Gestation,0.04877390782299239,951392.0629211124,-5.532017375034856e-08,8.37739542547222e-09,0,6797
"(np.int64(155138), np.int64(155142))",2024_Fawning,0.1586746231461614,555677.463856451,1.7101687175900153e-06,5.145383268752567e-07,23,8784
"(np.int64(155138), np.int64(155142))",2024_Gestation,0.02636978978998151,334033.3124464488,-3.3129856715982954e-08,5.308111102392396e-09,0,8177
"(np.int64(155138), np.int64(155142))",2024_Lactation,0.034372346525498254,7407.603181951466,-2.3075709468388265e-07,3.5938510640116865e-07,0,3745
"(np.int64(155138), np.int64(155150))",2024_Fawning,0.03560933464579985,380162.3965686014,-9.57802887141897e-08,8.369111832117847e-08,0,8784
"(np.int64(155138), np.int64(155150))",2024_Gestation,0.028636179684508,299424.818371017,-3.5205072923135615e-08,6.638563419565091e-09,0,8177
"(np.int64(155139), np.int64(155145))",2024_Fawning,0.07694850065647801,59055.466170950785,-1.893404028244207e-06,1.3558240885372344e-06,0,7966
"(np.int64(155139), np.int64(155145))",2024_Gestation,0.31429732558123435,2066014.542018688,1.193181855855638e-08,1.6069199764130615e-07,3,15011
"(np.int64(155139), np.int64(155148))",2024_Fawning,0.0688714805686897,49025.805960912214,-2.9500761063285167e-07,4.685773355694156e-07,0,7966
"(np.int64(155139), np.int64(155148))",2024_Gestation,0.11246987334891406,1151257.3983085963,-4.7130886760873746e-08,4.8263322341994254e-08,0,15017
"(np.int64(155139), np.int64(155163))",2024_Gestation,0.2985312524924634,2054153.1416461088,1.0149678618633166e-07,1.2693931005560304e-07,3,15017
"(np.int64(155139), np.int64(155164))",2024_Gestation,0.00035535537428383696,464633.1627331236,,,0,15017
"(np.int64(155139), np.int64(155166))",2024_Fawning,0.010021054968727287,624.5183807792782,-7.957244054740183e-08,6.668894800205969e-08,0,7966
"(np.int64(155139), np.int64(155166))",2024_Gestation,0.2891358180767598,4596265.403385296,-6.721538829327841e-08,7.917622104090939e-08,3,15017
"(np.int64(155139), np.int64(155167))",2024_Gestation,0.27686212898568174,5326183.721290913,2.0990096528804427e-07,1.412251057432677e-08,1,14789
"(np.int64(155140), np.int64(155143))",2024_Fawning,0.13067388208122208,352292.22700861597,-2.3449590667773829e-07,2.1241222929538974e-07,0,8784
"(np.int64(155140), np.int64(155143))",2024_Gestation,0.5079594352824021,10617575.230048629,2.3523312172945396e-07,2.432487059645644e-07,30,15104
"(np.int64(155140), np.int64(155143))",2024_Lactation,0.23902640211267537,181174.88493473746,-6.000561953926161e-07,1.1344088141638358e-06,1,3757
"(np.int64(155140), np.int64(155144))",2024_Gestation,0.0011853778272273708,3897415.1496919226,,,0,15080
"(np.int64(155140), np.int64(155145))",2024_Gestation,0.008125732578674699,1194861.262299245,,,0,15011
"(np.int64(155140), np.int64(155149))",2024_Gestation,0.25158848155412056,2534564.5748174535,1.6701819066563552e-07,9.118317949392869e-08,7,15104
"(np.int64(155140), np.int64(155154))",2024_Gestation,0.33038002564836,1086420.6504927322,2.338854500511394e-06,3.1591753995167154e-07,16,7095
"(np.int64(155140), np.int64(155156))",2024_Gestation,0.013835923109268502,6113803.909277778,-1.6174646731224594e-10,6.190123425381237e-12,0,15104
"(np.int64(155140), np.int64(155159))",2024_Gestation,0.041427801545984154,2144374.908046869,-6.639461455887009e-09,3.300278669503842e-09,0,15104
"(np.int64(155140), np.int64(155160))",2024_Gestation,0.2631997866029668,2770519.885720164,5.127847232072363e-07,9.930618749100926e-08,22,15104
"(np.int64(155140), np.int64(155161))",2024_Gestation,0.0010359135049884916,3852059.317093229,,,0,15104
"(np.int64(155140), np.int64(155162))",2024_Fawning,0.20062175179671105,489883.96481976233,9.943514617749318e-07,8.004394994629439e-07,2,8784
"(np.int64(155140), np.int64(155162))",2024_Gestation,0.6212201311678514,3382757.2339997487,1.1928554404087417e-06,5.115435441927783e-07,66,15104
"(np.int64(155140), np.int64(155162))",2024_Lactation,0.3544572679036082,622439.9034054382,2.3439688943806197e-06,9.444954849922374e-07,4,3736
"(np.int64(155140), np.int64(155163))",2024_Gestation,0.008986193486898008,1177303.0618455287,,,0,15104
"(np.int64(155140), np.int64(155164))",2024_Fawning,0.03267168951788793,63584.40132474109,-4.5777529121252475e-08,4.927032697262479e-08,0,8784
"(np.int64(155140), np.int64(155164))",2024_Gestation,0.3412092020453203,7423286.936163749,-2.6014701019517567e-08,9.250212707779565e-08,16,15104
"(np.int64(155140), np.int64(155164))",2024_Lactation,0.22755544831160548,3948.618633480654,-2.2432253657400067e-07,6.98763365593694e-07,0,3724
"(np.int64(155140), np.int64(155166))",2024_Gestation,0.009098723813216575,2074051.6865601651,,,0,15104
"(np.int64(155140), np.int64(155167))",2024_Gestation,0.2078604006989381,3383599.6278444687,-4.494148019285979e-09,1.8387443662733783e-09,0,14789
"(np.int64(155141), np.int64(155142))",2024_Fawning,0.8355164889300455,1831475.1188161494,0.00016497207636539263,4.958582237079754e-06,1918,8784
"(np.int64(155141), np.int64(155142))",2024_Gestation,0.6391268587896415,1896523.5332811922,3.097492994153807e-05,9.538183834473096e-07,259,6797
"(np.int64(155141), np.int64(155142))",2024_Lactation,0.9295692268785052,674019.1555529874,0.0005092930941632189,1.4455107271729143e-05,1185,3739
"(np.int64(155141), np.int64(155150))",2024_Fawning,0.15987526523733372,425024.1255536635,2.9901462038326698e-06,9.28678405611372e-07,20,8784
"(np.int64(155141), np.int64(155150))",2024_Gestation,0.22411777385301815,1365531.587213086,1.8981851087010261e-06,1.4091700962685057e-07,5,6797
"(np.int64(155141), np.int64(155150))",2024_Lactation,0.2713099179139026,245917.56529640048,1.2606627150413363e-06,2.6401821960792284e-06,8,3739
"(np.int64(155142), np.int64(155150))",2024_Fawning,0.4250760372692457,972248.6524958404,7.354400163397215e-06,1.7810118558357108e-06,119,8784
"(np.int64(155142), np.int64(155150))",2024_Gestation,0.7415107308817283,3411181.906225666,2.127631985003701e-06,4.3823844191848107e-07,102,10493
"(np.int64(155142), np.int64(155150))",2024_Lactation,0.4836635706595128,920056.4416173232,7.079544295753742e-06,3.6691231734540684e-06,58,3745
"(np.int64(155143), np.int64(155145))",2024_Gestation,0.000278199946481572,2390233.0448360257,,,0,15011
"(np.int64(155143), np.int64(155149))",2024_Gestation,0.024796995018884296,927013.9305526577,-2.2380020552170543e-08,1.3183028922273063e-08,0,15293
"(np.int64(155143), np.int64(155154))",2024_Gestation,0.03548342578148799,152349.02051752657,,,0,7320
"(np.int64(155143), np.int64(155156))",2024_Gestation,0.0017518592020536186,2511211.9069454717,-2.7659905993452866e-10,1.7687883838327112e-11,0,15131
"(np.int64(155143), np.int64(155160))",2024_Gestation,0.023301289399762472,1536186.3594850593,-1.486891416132602e-08,1.0205332357561172e-08,0,15296
"(np.int64(155143), np.int64(155162))",2024_Fawning,0.02116507588242176,1232.8030050809066,-2.9232074885354867e-07,4.3882186427347607e-07,0,8784
"(np.int64(155143), np.int64(155162))",2024_Gestation,0.29554289856690175,2271230.9042159687,-2.3939655733711005e-07,3.850185828668317e-07,1,15116
"(np.int64(155143), np.int64(155162))",2024_Lactation,0.09274331374789596,38211.48978958355,-8.244633593756154e-07,1.039018879314699e-06,0,3736
"(np.int64(155143), np.int64(155163))",2024_Gestation,0.00026201403906965043,2363812.211283491,,,0,15191
"(np.int64(155143), np.int64(155164))",2024_Fawning,0.23642017197609405,212469.22860409506,4.682756544730945e-06,2.6735731763280396e-06,4,8784
"(np.int64(155143), np.int64(155164))",2024_Gestation,0.7207869058471412,10338359.891447945,2.280800426447176e-06,5.323628170550462e-07,89,15293
"(np.int64(155143), np.int64(155164))",2024_Lactation,0.5216144479882558,1212591.6150120357,8.525435021030432e-07,1.7439314982163723e-06,5,3724
"(np.int64(155143), np.int64(155166))",2024_Gestation,0.00032585200431146336,3346913.030193938,,,0,15164
"(np.int64(155143), np.int64(155167))",2024_Gestation,0.14833111883831554,4200859.058141447,-1.2505964652601107e-08,5.8435878963611475e-09,1,14789
"(np.int64(155144), np.int64(155156))",2024_Gestation,0.02770531101390344,2674772.56576501,-1.2774051576514684e-08,2.6111467835389874e-09,0,15080
"(np.int64(155144), np.int64(155161))",2024_Fawning,0.616844119304512,853829.456387266,0.00012737484666296915,3.735772746541218e-06,986,8784
"(np.int64(155144), np.int64(155161))",2024_Gestation,0.9821140634856431,3772555.080933469,0.0002626907912261835,1.756654992284582e-06,7410,15080
"(np.int64(155144), np.int64(155161))",2024_Lactation,0.9420984152253381,1582327.0492945267,0.00016478006960008595,3.151644108036688e-06,904,3706
"(np.int64(155145), np.int64(155148))",2024_Gestation,0.009839938270678658,214123.82767607397,-3.3290752488498434e-10,4.010522366815936e-11,0,15011
"(np.int64(155145), np.int64(155148))",2024_Lactation,0.026040924621214618,80639.92099495749,-1.6618874060626663e-07,6.313795615794552e-08,0,3694
"(np.int64(155145), np.int64(155156))",2024_Gestation,0.013958636530553492,2638052.6223959713,-1.635380575436542e-08,1.0378609477279128e-08,0,15011
"(np.int64(155145), np.int64(155163))",2024_Fawning,0.60317133596643,445383.2975308146,1.062820735001291e-05,5.21000237186042e-06,131,8784
"(np.int64(155145), np.int64(155163))",2024_Gestation,0.9941499475606019,7349087.965288204,0.00023804036240848472,1.6310644370661537e-06,7543,15011
"(np.int64(155145), np.int64(155163))",2024_Lactation,0.5598574019748265,684193.2291573773,1.5243756786768018e-05,7.4593924214548444e-06,86,3694
"(np.int64(155145), np.int64(155164))",2024_Gestation,0.004360291092557658,4078640.9142314354,-4.11615364436681e-09,1.7309545869419926e-09,0,15011
"(np.int64(155145), np.int64(155166))",2024_Fawning,0.3704095656251035,535804.6513670762,1.474834056362762e-06,5.43954016506579e-06,58,8784
"(np.int64(155145), np.int64(155166))",2024_Gestation,0.946798778924526,7460682.228217828,1.041146051046678e-05,1.2180777240757918e-06,398,15011
"(np.int64(155145), np.int64(155166))",2024_Lactation,0.4034249652069649,697692.1877278523,-1.2249174491860017e-05,1.6382241340205297e-05,17,3694
"(np.int64(155145), np.int64(155167))",2024_Gestation,0.33588968400677366,4931686.29981984,5.9818290246629155e-09,9.961704119212701e-09,1,14789
"(np.int64(155148), np.int64(155163))",2024_Gestation,0.008243011677522975,218108.1584119927,-3.099116885320857e-10,1.4967748948264907e-11,0,15191
"(np.int64(155148), np.int64(155164))",2024_Gestation,0.008464679585416036,387259.4437292892,-2.0923152822891964e-09,3.2030143241028543e-10,0,15293
"(np.int64(155148), np.int64(155166))",2024_Gestation,0.05286885823454514,1950329.6918611792,-1.195536402768007e-08,5.241923628415779e-09,0,15164
"(np.int64(155148), np.int64(155167))",2024_Gestation,0.17468675639940717,5870183.075266154,1.342199309614789e-07,6.057107762910647e-09,1,14789
"(np.int64(155149), np.int64(155154))",2024_Gestation,0.2933167956231525,822060.6585203939,1.246989005030149e-06,8.252402038862955e-07,26,7284
"(np.int64(155149), np.int64(155159))",2024_Gestation,0.03099919487683194,225352.17717753438,-1.5276784916195115e-08,1.1630071615128899e-08,0,15140
"(np.int64(155149), np.int64(155160))",2024_Fawning,0.26775911816497167,311352.11167383177,-6.966707747667169e-07,1.0990422757022427e-06,40,8784
"(np.int64(155149), np.int64(155160))",2024_Gestation,0.5156487330094448,2029883.8010003162,2.4057469361247177e-06,1.775498047316021e-06,110,15293
"(np.int64(155149), np.int64(155162))",2024_Gestation,0.09173419443421568,1526578.550708825,-8.563686546795556e-08,8.883940312267496e-08,0,15116
"(np.int64(155149), np.int64(155164))",2024_Gestation,0.018066337776093552,267165.7689591557,1.3543623034019295e-06,2.937599267733964e-08,1,15293
"(np.int64(155154), np.int64(155159))",2024_Gestation,0.07833267311793228,77678.20564029561,-3.424587031436969e-07,4.741728413684211e-07,0,7131
"(np.int64(155154), np.int64(155160))",2024_Gestation,0.12184362059578656,613087.4076051575,-3.9410240176553026e-07,5.050688827430068e-07,0,7287
"(np.int64(155154), np.int64(155162))",2024_Gestation,0.36468004824381706,674432.5433559625,1.5421124531161439e-06,2.3107164975450722e-06,28,7107
"(np.int64(155155), np.int64(155165))",2024_Gestation,0.007805201378194401,17278.079934072728,-1.0659772570812477e-08,4.814104297851617e-09,0,12009
"(np.int64(155155), np.int64(155167))",2024_Gestation,0.09373327218637029,1642992.512152199,-1.1359837881595595e-07,6.84989309576306e-08,0,11916
"(np.int64(155156), np.int64(155161))",2024_Gestation,0.03066204426007123,2583379.2235421794,-2.7341710537195496e-08,6.306818860703109e-09,0,15131
"(np.int64(155156), np.int64(155163))",2024_Gestation,0.017811866088234436,2623275.119647031,-1.4358843892787155e-08,9.207679528363414e-09,0,15131
"(np.int64(155156), np.int64(155164))",2024_Gestation,0.004022633650305842,2065680.981705755,-1.163677447731794e-09,3.1321141873980726e-10,0,15131
"(np.int64(155156), np.int64(155166))",2024_Gestation,0.03290679785228036,4473531.160318046,-2.2306623256491703e-08,2.0987021439151075e-08,0,15131
"(np.int64(155156), np.int64(155167))",2024_Gestation,0.017767161791978757,283310.6775516329,,,0,14789
"(np.int64(155160), np.int64(155162))",2024_Gestation,0.08185881056148486,1816626.8191228318,3.216023786249261e-07,9.823251235320715e-08,5,15116
"(np.int64(155160), np.int64(155164))",2024_Gestation,0.022320908684753275,751171.7106382069,-1.051173796419065e-08,6.0739807356818584e-09,0,15293
"(np.int64(155160), np.int64(155167))",2024_Gestation,0.014669949969676624,48562.14612305307,-2.042824607850203e-09,1.2517065053735151e-09,0,14789
"(np.int64(155162), np.int64(155164))",2024_Gestation,0.049587795238592275,1369593.7775597735,-1.7834994238807035e-08,1.1869735978412082e-08,0,15116
"(np.int64(155162), np.int64(155167))",2024_Gestation,0.030735790654420912,104247.89340899265,-5.650760659917456e-13,6.793796437308811e-17,0,14789
"(np.int64(155163), np.int64(155164))",2024_Gestation,0.003969406302762896,4040191.89294295,-2.995690730999659e-09,1.1288965864740155e-09,0,15191
"(np.int64(155163), np.int64(155166))",2024_Fawning,0.36608634115742744,570355.5057859573,4.382761674581507e-06,2.645241449047172e-06,122,8784
"(np.int64(155163), np.int64(155166))",2024_Gestation,0.9578120834371753,7387632.951556661,1.2435991933803136e-05,1.3119000147380178e-06,491,15164
"(np.int64(155163), np.int64(155166))",2024_Lactation,0.643259804180976,544239.9000230492,-1.9901860961893318e-06,7.260375557314377e-06,16,3724
"(np.int64(155163), np.int64(155167))",2024_Gestation,0.3364255077835709,4872066.2391599715,-1.7849100804014237e-08,1.0049320964501006e-08,0,14789
"(np.int64(155164), np.int64(155166))",2024_Gestation,0.004492321573163959,5261469.666938149,,,0,15164
"(np.int64(155164), np.int64(155167))",2024_Gestation,0.32305131157155553,9030587.73936379,8.832906362836436e-09,1.968443373577963e-08,1,14789
"(np.int64(155165), np.int64(155167))",2024_Gestation,0.17481211804801813,4920335.27538549,8.840935698232915e-08,1.5363719986921948e-08,1,14559
"(np.int64(155166), np.int64(155167))",2024_Gestation,0.3890175198088149,10162443.616827585,-2.4498234071213376e-08,2.3094786000998328e-08,0,14789
